CREATE DATABASE  IF NOT EXISTS `library` /*!40100 DEFAULT CHARACTER SET utf8mb4 COLLATE utf8mb4_0900_ai_ci */ /*!80016 DEFAULT ENCRYPTION='N' */;
USE `library`;
-- MySQL dump 10.13  Distrib 8.0.32, for Win64 (x86_64)
--
-- Host: 127.0.0.1    Database: library
-- ------------------------------------------------------
-- Server version	8.0.32

/*!40101 SET @OLD_CHARACTER_SET_CLIENT=@@CHARACTER_SET_CLIENT */;
/*!40101 SET @OLD_CHARACTER_SET_RESULTS=@@CHARACTER_SET_RESULTS */;
/*!40101 SET @OLD_COLLATION_CONNECTION=@@COLLATION_CONNECTION */;
/*!50503 SET NAMES utf8 */;
/*!40103 SET @OLD_TIME_ZONE=@@TIME_ZONE */;
/*!40103 SET TIME_ZONE='+00:00' */;
/*!40014 SET @OLD_UNIQUE_CHECKS=@@UNIQUE_CHECKS, UNIQUE_CHECKS=0 */;
/*!40014 SET @OLD_FOREIGN_KEY_CHECKS=@@FOREIGN_KEY_CHECKS, FOREIGN_KEY_CHECKS=0 */;
/*!40101 SET @OLD_SQL_MODE=@@SQL_MODE, SQL_MODE='NO_AUTO_VALUE_ON_ZERO' */;
/*!40111 SET @OLD_SQL_NOTES=@@SQL_NOTES, SQL_NOTES=0 */;

--
-- Table structure for table `author_mst`
--

DROP TABLE IF EXISTS `author_mst`;
/*!40101 SET @saved_cs_client     = @@character_set_client */;
/*!50503 SET character_set_client = utf8mb4 */;
CREATE TABLE `author_mst` (
  `author_id` int NOT NULL AUTO_INCREMENT,
  `author_name` varchar(45) NOT NULL,
  PRIMARY KEY (`author_id`)
) ENGINE=InnoDB AUTO_INCREMENT=334 DEFAULT CHARSET=utf8mb4 COLLATE=utf8mb4_0900_ai_ci;
/*!40101 SET character_set_client = @saved_cs_client */;

--
-- Dumping data for table `author_mst`
--

LOCK TABLES `author_mst` WRITE;
/*!40000 ALTER TABLE `author_mst` DISABLE KEYS */;
INSERT INTO `author_mst` VALUES (1,'장하준'),(2,'파울로 코엘료'),(3,'베르나르 베르베르'),(4,'코이케 류노스케'),(5,'조정래'),(6,'권순우'),(7,'장영신'),(8,'에쿠니 가오리'),(9,'김훈'),(10,'도티빌링턴'),(11,'공지영'),(12,'더글라스 케네디'),(13,'전미옥'),(14,'이종희'),(15,'김선경'),(16,'법륜'),(17,'닉 부이치치'),(18,'박재희'),(19,'문형진'),(20,'마이클 샌델'),(21,'은희경'),(22,'조관일'),(23,'이지성'),(24,'로버트 기요사키'),(25,'이시형'),(26,'전아리'),(27,'김수영'),(28,'김미경'),(29,'법정'),(30,'조 내버로'),(31,'리영희'),(32,'기욤 뮈소'),(33,'이어령'),(34,'존 맥스웰'),(35,'말콤 글래드웰'),(36,'닉 태슬러'),(37,'EIICHIRO ODA'),(38,'조국'),(39,'YANA TOBOSO'),(40,'김용택'),(41,'김삼웅'),(42,'이재익'),(43,'송도수'),(44,'윌리엄 폴 영'),(45,'김혜남'),(46,'무라카미 하루키'),(47,'박완서'),(48,'이용규'),(49,'김종훈'),(50,'히가시노 게이고'),(51,'린다 피콘'),(52,'THE ECONOMIST'),(53,'나라 요시토모'),(54,'곰돌이 CO'),(55,'이지훈'),(56,'김성중'),(57,'론다 번'),(58,'황경신'),(59,'앨런 웨버'),(60,'알레한드로 융거'),(61,'김준명'),(62,'정은궐'),(63,'양석조'),(64,'신경숙'),(65,'이덕일'),(66,'박민규'),(67,'김하중'),(68,'니컬러스 크리스태키스 외'),(69,'홍영철'),(70,'정수현'),(71,'다고 아키라'),(72,'정찬주'),(73,'신웅진'),(74,'앨버트 O. 허시먼'),(75,'스티브 디거'),(76,'TACHIBANA HIGUCHI'),(77,'김난도'),(78,'김태원'),(79,'기타'),(80,'이혜영'),(81,'MBC W 제작팀'),(82,'정지훈'),(83,'페르디난트 폰 쉬라크'),(84,'진동규'),(85,'송형석'),(86,'하정훈'),(87,'조석'),(88,'사교육걱정없는세상'),(89,'이태혁'),(90,'코믹컴'),(91,'케이윳 첸'),(92,'김동영'),(93,'스티븐 홍킹'),(94,'사이토 다카시'),(95,'버나뎃 로제티 슈스탁'),(96,'이데일리'),(97,'마크 뷰캐넌'),(98,'서순정'),(99,'장영준'),(100,'우라사와 나오키'),(101,'삼성경제연구소'),(102,'헨리 데이빗 소로우'),(103,'황동규'),(104,'조지 베일런트'),(105,'이우광'),(106,'좌우명연구회'),(107,'오리 브래프먼'),(108,'양태석'),(109,'이와이 도시오'),(110,'마이클 로이젠'),(111,'포리스트 카터'),(112,'안수현'),(113,'오스 힐먼'),(114,'김진명'),(115,'유진'),(116,'마이클 티어노'),(117,'백희나'),(118,'최무영'),(119,'신현만'),(120,'김재진'),(121,'제임스 베어드'),(122,'류시화'),(123,'박영수'),(124,'김서영'),(125,'필립 코틀러'),(126,'알랭 드 보통'),(127,'이병주'),(128,'함규정'),(129,'고든 리빙스턴'),(130,'정호승'),(131,'아취볼트 조셉 클로닌'),(132,'마가렛 미첼'),(133,'레프 니콜라예비치 톨스톨이'),(134,'이정호'),(135,'박종화'),(136,'정완기'),(137,'범우사'),(138,'백시종'),(139,'이상문'),(140,'새열문화재단'),(141,'서정환'),(142,'이지윤'),(143,'엄지희'),(144,'서울시교육청 문학교육센터'),(145,'김성달'),(146,'김명희'),(147,'한기평'),(148,'조오현'),(149,'임서인'),(150,'송양의'),(151,'이건숙'),(152,'김진초'),(153,'황인수'),(154,'권이삼'),(155,'최문경'),(156,'이정은'),(157,'안영실'),(158,'정건영'),(159,'이운정'),(160,'정현웅'),(161,'박희주'),(162,'하유상'),(163,'송하춘'),(164,'연규호'),(165,'노수민'),(166,'조경훈'),(167,'김동준'),(168,'김용장'),(169,'스노'),(170,'임헌영'),(171,'채정운'),(172,'채만식'),(173,'이청로'),(174,'최성배'),(175,'이은집'),(176,'이철호'),(177,'이수정'),(178,'정광호'),(179,'매들렌 렝글'),(180,'박충훈'),(181,'박찬순'),(182,'윤후명'),(183,'김미수'),(184,'박동주'),(185,'에릭 시갈'),(186,'에네스트 톰프슨'),(187,'헤르만 헤세'),(188,'김옥교'),(189,'파킨스'),(190,'프랑수아즈 사강'),(191,'김유정'),(192,'이효석'),(193,'랜퍼드 윌슨'),(194,'최찬식'),(195,'김동인'),(196,'최학송'),(197,'신채호'),(198,'연기호'),(199,'현대사상연구회'),(200,'A. J. 토인비'),(201,'고오다 미쓰오'),(202,'미우라 아야꼬'),(203,'김희일'),(204,'임중빈'),(205,'유재건'),(206,'칼리지브란'),(207,'시드니 셸던'),(208,'정숙'),(209,'전택부'),(210,'김문환'),(211,'이응백'),(212,'송숙영'),(213,'마르크 페로'),(214,'하련생'),(215,'빅토르 프랑클'),(216,'후지다 덴'),(217,'시몬느 드 보봐르'),(218,'D. H. 로렌스'),(219,'윤형두'),(220,'김선미'),(221,'라게를뢰프'),(222,'강영매'),(223,'펄벅'),(224,'백수남'),(225,'하임 G. 기너트'),(226,'김선자'),(227,'김중상'),(228,'미래환경연수고'),(229,'홍사용'),(230,'고준환'),(231,'마라벨 몰간'),(232,'김욱동'),(233,'노만 V.필'),(234,'투르게네프'),(235,'루이제린저'),(236,'김미선'),(237,'이재욱'),(238,'남산도서관'),(239,'한국소설가협회'),(240,'새얼문화재단'),(241,'시선사'),(242,'정수희'),(243,'이지혜'),(244,'이목연'),(245,'김채형'),(246,'전덕규'),(247,'홍영숙'),(248,'최승범'),(249,'김리박'),(250,'김미연'),(251,'강준'),(252,'김선주'),(253,'강명희'),(254,'김외숙'),(255,'김준식'),(256,'A. J. 크로닌'),(257,'윤동주'),(258,'김성리'),(259,'도올'),(260,'정혜주'),(261,'시가 나오야'),(262,'김묘순'),(263,'이정하'),(264,'이설영'),(265,'김문수'),(266,'피에르 쌍소'),(267,'요시다 타로'),(268,'최현'),(269,'나이호리 구니지'),(270,'올댓스토리, 허성훈'),(271,'안초근'),(272,'미치 앨봄'),(273,'오수연'),(274,'장두석'),(275,'윤대희'),(276,'홍용표'),(277,'마크 피셔'),(278,'윤선현'),(279,'권오웅'),(280,'김선호'),(281,'김승기'),(282,'김옥미'),(283,'김윤진'),(284,'김윤지'),(285,'김준엽'),(286,'김찬현'),(287,'김창현'),(288,'문용덕'),(289,'박재홍'),(290,'백국호'),(291,'서경구'),(292,'송은애'),(293,'위수연'),(294,'이계천'),(295,'이남로'),(296,'이내윤'),(297,'이봉명'),(298,'조재훈'),(299,'최경선'),(300,'최종진'),(301,'설미희'),(302,'김태우'),(303,'스티븐 부디안스키'),(304,'고규홍'),(305,'리처드 칼슨'),(306,'정서현'),(307,'김중미'),(308,'필립 체스터필드'),(309,'게일 에반스'),(310,'아키모토 야스시'),(311,'서림'),(312,'원택'),(313,'김순지'),(314,'댄 브라운'),(315,'김원일'),(316,'이문구'),(317,'황대권'),(318,'전여옥'),(319,'서현섭'),(320,'김충식'),(321,'이도성'),(322,'폴 존슨'),(323,'고원정'),(324,'하퍼 리'),(325,'앨빈 토플러'),(326,'리처 F.버턴'),(327,'김환태'),(328,'테스터'),(329,'테스터1'),(330,'테스터2'),(331,'테스터3'),(332,'테스터4'),(333,'바꾼 저자명');
/*!40000 ALTER TABLE `author_mst` ENABLE KEYS */;
UNLOCK TABLES;

--
-- Table structure for table `book_dtl`
--

DROP TABLE IF EXISTS `book_dtl`;
/*!40101 SET @saved_cs_client     = @@character_set_client */;
/*!50503 SET character_set_client = utf8mb4 */;
CREATE TABLE `book_dtl` (
  `book_dtl_id` int NOT NULL AUTO_INCREMENT,
  `book_code` varchar(45) NOT NULL,
  `book_id` int NOT NULL,
  `category_id` int NOT NULL,
  PRIMARY KEY (`book_dtl_id`),
  UNIQUE KEY `book_code_UNIQUE` (`book_code`)
) ENGINE=InnoDB AUTO_INCREMENT=484 DEFAULT CHARSET=utf8mb4 COLLATE=utf8mb4_0900_ai_ci;
/*!40101 SET character_set_client = @saved_cs_client */;

--
-- Dumping data for table `book_dtl`
--

LOCK TABLES `book_dtl` WRITE;
/*!40000 ALTER TABLE `book_dtl` DISABLE KEYS */;
INSERT INTO `book_dtl` VALUES (1,'소록-1',1,1),(2,'소록-2',2,2),(3,'소록-3',3,2),(4,'소록-4',4,3),(5,'소록-5',5,2),(6,'소록-6',6,1),(7,'소록-7',7,4),(8,'소록-8',8,2),(9,'소록-9',9,1),(10,'소록-10',10,2),(11,'소록-11',11,3),(12,'소록-12',12,4),(13,'소록-13',13,2),(14,'소록-14',14,3),(15,'소록-15',15,3),(16,'소록-16',16,4),(17,'소록-17',17,5),(18,'소록-18',18,5),(19,'소록-19',19,3),(20,'소록-20',20,3),(21,'소록-21',21,6),(22,'소록-22',22,2),(23,'소록-23',23,3),(24,'소록-24',24,3),(25,'소록-25',25,1),(26,'소록-26',26,3),(27,'소록-27',27,2),(28,'소록-28',28,4),(29,'소록-29',29,3),(30,'소록-30',30,4),(31,'소록-31',31,4),(32,'소록-32',32,3),(33,'소록-33',33,4),(34,'소록-34',34,7),(35,'소록-35',35,4),(36,'소록-36',36,5),(37,'소록-37',37,2),(38,'소록-38',38,5),(39,'소록-39',39,3),(40,'소록-40',40,4),(41,'소록-41',41,3),(42,'소록-42',42,1),(43,'소록-43',43,8),(44,'소록-44',44,7),(45,'소록-45',45,8),(46,'소록-46',46,4),(47,'소록-47',47,7),(48,'소록-48',48,9),(49,'소록-49',49,4),(50,'소록-50',50,4),(51,'소록-51',51,10),(52,'소록-52',52,4),(53,'소록-53',53,4),(54,'소록-54',54,2),(55,'소록-55',55,11),(56,'소록-56',56,2),(57,'소록-57',57,6),(58,'소록-58',58,4),(59,'소록-59',59,4),(60,'소록-60',60,5),(61,'소록-61',61,4),(62,'소록-62',62,2),(63,'소록-63',63,4),(64,'소록-64',64,1),(65,'소록-65',65,12),(66,'소록-66',66,3),(67,'소록-67',67,11),(68,'소록-68',68,11),(69,'소록-69',69,1),(70,'소록-70',70,4),(71,'소록-71',71,3),(72,'소록-72',72,4),(73,'소록-73',73,4),(74,'소록-74',74,4),(75,'소록-75',75,1),(76,'소록-76',76,13),(77,'소록-77',77,14),(78,'소록-78',78,6),(79,'소록-79',79,2),(80,'소록-80',80,2),(81,'소록-81',81,1),(82,'소록-82',82,2),(83,'소록-83',83,10),(84,'소록-84',84,2),(85,'소록-85',85,2),(86,'소록-86',86,5),(87,'소록-87',87,3),(88,'소록-88',88,4),(89,'소록-89',89,2),(90,'소록-90',90,6),(91,'소록-91',91,2),(92,'소록-92',92,4),(93,'소록-93',93,7),(94,'소록-94',94,4),(95,'소록-95',95,8),(96,'소록-96',96,1),(97,'소록-97',97,3),(98,'소록-98',98,2),(99,'소록-99',99,4),(100,'소록-100',100,1),(101,'소록-101',101,2),(102,'소록-102',102,15),(103,'소록-103',103,7),(104,'소록-104',104,1),(105,'소록-105',105,7),(106,'소록-106',106,4),(107,'소록-107',107,6),(108,'소록-108',108,16),(109,'소록-109',109,8),(110,'소록-110',110,16),(111,'소록-111',111,1),(112,'소록-112',112,11),(113,'소록-113',113,1),(114,'소록-114',114,9),(115,'소록-115',115,4),(116,'소록-116',116,4),(117,'소록-117',117,10),(118,'소록-118',118,12),(119,'소록-119',119,1),(120,'소록-120',120,7),(121,'소록-121',121,9),(122,'소록-122',122,11),(123,'소록-123',123,2),(124,'소록-124',124,8),(125,'소록-125',125,1),(126,'소록-126',126,4),(127,'소록-127',127,4),(128,'소록-128',128,6),(129,'소록-129',129,1),(130,'소록-130',130,3),(131,'소록-131',131,3),(132,'소록-132',132,10),(133,'소록-133',133,4),(134,'소록-134',134,12),(135,'소록-135',135,13),(136,'소록-136',136,2),(137,'소록-137',137,5),(138,'소록-138',138,5),(139,'소록-139',139,2),(140,'소록-140',140,13),(141,'소록-141',141,17),(142,'소록-142',142,12),(143,'소록-143',143,6),(144,'소록-144',144,3),(145,'소록-145',145,15),(146,'소록-146',146,4),(147,'소록-147',147,3),(148,'소록-148',148,4),(149,'소록-149',149,3),(150,'소록-150',150,6),(151,'소록-151',151,1),(152,'소록-152',152,2),(153,'소록-153',153,3),(154,'소록-154',154,3),(155,'소록-155',155,3),(156,'소록-156',156,2),(157,'소록-157',157,4),(158,'소록-158',158,2),(159,'소록-159',159,4),(160,'소록-160',160,2),(161,'소록-161',161,2),(162,'소록-162',162,2),(163,'소록-163',163,2),(164,'소록-164',164,2),(165,'소록-165',165,2),(166,'소록-166',166,2),(167,'소록-167',167,2),(168,'소록-168',168,2),(169,'소록-169',169,2),(170,'소록-170',170,2),(171,'소록-171',171,2),(172,'소록-172',172,2),(173,'소록-173',173,2),(174,'소록-174',174,2),(175,'소록-175',175,2),(176,'소록-176',176,2),(177,'소록-177',177,2),(178,'소록-178',178,2),(179,'소록-179',179,2),(180,'소록-180',180,2),(181,'소록-181',181,2),(182,'소록-182',182,2),(183,'소록-183',183,2),(184,'소록-184',184,2),(185,'소록-185',185,10),(186,'소록-186',186,10),(187,'소록-187',187,10),(188,'소록-188',188,10),(189,'소록-189',189,10),(190,'소록-190',190,10),(191,'소록-191',191,10),(192,'소록-192',192,10),(193,'소록-193',193,10),(194,'소록-194',194,10),(195,'소록-195',195,2),(196,'소록-196',196,2),(197,'소록-197',197,2),(198,'소록-198',198,18),(199,'소록-199',199,18),(200,'소록-200',200,2),(201,'소록-201',201,4),(202,'소록-202',202,4),(203,'소록-203',203,2),(204,'소록-204',204,2),(205,'소록-205',204,2),(206,'소록-206',205,17),(207,'소록-207',206,2),(208,'소록-208',206,2),(209,'소록-209',207,2),(210,'소록-210',208,4),(211,'소록-211',209,2),(212,'소록-212',210,10),(213,'소록-213',211,2),(214,'소록-214',212,2),(215,'소록-215',213,4),(216,'소록-216',214,2),(217,'소록-217',215,2),(218,'소록-218',216,2),(219,'소록-219',217,2),(220,'소록-220',218,2),(221,'소록-221',219,2),(222,'소록-222',220,10),(223,'소록-223',221,10),(224,'소록-224',222,10),(225,'소록-225',223,2),(226,'소록-226',224,2),(227,'소록-227',225,2),(228,'소록-228',226,4),(229,'소록-229',227,2),(230,'소록-230',228,2),(231,'소록-231',229,2),(232,'소록-232',230,16),(233,'소록-233',231,9),(234,'소록-234',232,10),(235,'소록-235',233,4),(236,'소록-236',234,2),(237,'소록-237',235,2),(238,'소록-238',236,2),(239,'소록-239',237,2),(240,'소록-240',238,2),(241,'소록-241',239,2),(242,'소록-242',240,2),(243,'소록-243',241,4),(244,'소록-244',242,4),(245,'소록-245',243,2),(246,'소록-246',244,2),(247,'소록-247',245,2),(248,'소록-248',246,4),(249,'소록-249',247,8),(250,'소록-250',248,2),(251,'소록-251',249,2),(252,'소록-252',250,2),(253,'소록-253',251,2),(254,'소록-254',252,4),(255,'소록-255',253,2),(256,'소록-256',254,2),(257,'소록-257',255,2),(258,'소록-258',256,2),(259,'소록-259',257,1),(260,'소록-260',258,2),(261,'소록-261',259,2),(262,'소록-262',260,2),(263,'소록-263',261,2),(264,'소록-264',262,2),(265,'소록-265',263,2),(266,'소록-266',264,2),(267,'소록-267',265,4),(268,'소록-268',266,4),(269,'소록-269',267,7),(270,'소록-270',268,7),(271,'소록-271',269,10),(272,'소록-272',270,10),(273,'소록-273',271,13),(274,'소록-274',271,13),(275,'소록-275',272,2),(276,'소록-276',273,5),(277,'소록-277',274,4),(278,'소록-278',275,4),(279,'소록-279',276,6),(280,'소록-280',277,4),(281,'소록-281',278,2),(282,'소록-282',278,2),(283,'소록-283',279,13),(284,'소록-284',280,4),(285,'소록-285',281,4),(286,'소록-286',282,4),(287,'소록-287',283,6),(288,'소록-288',284,10),(289,'소록-289',285,6),(290,'소록-290',286,6),(291,'소록-291',287,4),(292,'소록-292',288,4),(293,'소록-293',289,2),(294,'소록-294',290,2),(295,'소록-295',291,4),(296,'소록-296',291,4),(297,'소록-297',292,4),(298,'소록-298',293,6),(299,'소록-299',294,2),(300,'소록-300',295,3),(301,'소록-301',296,5),(302,'소록-302',297,2),(303,'소록-303',297,2),(304,'소록-304',205,18),(305,'소록-305',299,18),(306,'소록-306',300,16),(307,'소록-307',301,10),(308,'소록-308',302,2),(309,'소록-309',303,19),(310,'소록-310',304,2),(311,'소록-311',305,2),(312,'소록-312',306,4),(313,'소록-313',307,10),(314,'소록-314',308,4),(315,'소록-315',309,4),(316,'소록-316',310,3),(317,'소록-317',311,2),(318,'소록-318',312,2),(319,'소록-319',313,2),(320,'소록-320',314,4),(321,'소록-321',315,2),(322,'소록-322',316,4),(323,'소록-323',317,2),(324,'소록-324',318,18),(325,'소록-325',319,18),(326,'소록-326',320,4),(327,'소록-327',321,4),(328,'소록-328',322,4),(329,'소록-329',200,4),(330,'소록-330',324,2),(331,'소록-331',325,2),(332,'소록-332',326,7),(333,'소록-333',327,2),(334,'소록-334',328,4),(335,'소록-335',329,4),(336,'소록-336',330,2),(337,'소록-337',331,4),(338,'소록-338',332,4),(339,'소록-339',333,2),(340,'소록-340',334,2),(341,'소록-341',335,2),(342,'소록-342',336,2),(343,'소록-343',337,2),(344,'소록-344',338,2),(345,'소록-345',339,10),(346,'소록-346',340,4),(347,'소록-347',340,4),(348,'소록-348',340,4),(349,'소록-349',340,4),(350,'소록-350',340,4),(351,'소록-351',340,4),(352,'소록-352',341,4),(353,'소록-353',342,4),(354,'소록-354',343,4),(355,'소록-355',344,2),(356,'소록-356',345,4),(357,'소록-357',346,4),(358,'소록-358',347,4),(359,'소록-359',348,2),(360,'소록-360',349,4),(361,'소록-361',350,4),(362,'소록-362',351,4),(363,'소록-363',352,4),(364,'소록-364',353,4),(365,'소록-365',354,4),(366,'소록-366',355,13),(367,'소록-367',356,5),(368,'소록-368',356,5),(369,'소록-369',357,2),(370,'소록-370',358,4),(371,'소록-371',359,4),(372,'소록-372',360,2),(373,'소록-373',361,4),(374,'소록-374',362,13),(375,'소록-375',363,7),(376,'소록-376',364,4),(377,'소록-377',364,4),(378,'소록-378',365,2),(379,'소록-379',366,3),(380,'소록-380',367,4),(381,'소록-381',367,4),(382,'소록-382',368,4),(383,'소록-383',368,4),(384,'소록-384',369,4),(385,'소록-385',369,4),(386,'소록-386',370,4),(387,'소록-387',370,4),(388,'소록-388',371,4),(389,'소록-389',372,4),(390,'소록-390',373,4),(391,'소록-391',373,4),(392,'소록-392',374,4),(393,'소록-393',375,4),(394,'소록-394',376,4),(395,'소록-395',376,4),(396,'소록-396',377,4),(397,'소록-397',377,4),(398,'소록-398',378,4),(399,'소록-399',378,4),(400,'소록-400',379,4),(401,'소록-401',379,4),(402,'소록-402',380,4),(403,'소록-403',380,4),(404,'소록-404',381,4),(405,'소록-405',381,4),(406,'소록-406',382,4),(407,'소록-407',382,4),(408,'소록-408',383,4),(409,'소록-409',383,4),(410,'소록-410',384,4),(411,'소록-411',384,4),(412,'소록-412',385,4),(413,'소록-413',385,4),(414,'소록-414',386,4),(415,'소록-415',386,4),(416,'소록-416',387,4),(417,'소록-417',387,4),(418,'소록-418',388,4),(419,'소록-419',388,4),(420,'소록-420',389,2),(421,'소록-421',389,2),(422,'소록-422',390,4),(423,'소록-423',390,4),(424,'소록-424',391,2),(425,'소록-425',391,2),(426,'소록-426',392,3),(427,'소록-427',393,9),(428,'소록-428',394,9),(429,'소록-429',395,9),(430,'소록-430',396,4),(431,'소록-431',397,2),(432,'소록-432',398,2),(433,'소록-433',399,4),(434,'소록-434',400,4),(435,'소록-435',401,4),(436,'소록-436',402,4),(437,'소록-437',403,2),(438,'소록-438',404,4),(439,'소록-439',405,4),(440,'소록-440',406,2),(441,'소록-441',407,2),(442,'소록-442',408,2),(443,'소록-443',409,2),(444,'소록-444',410,2),(445,'소록-445',411,2),(446,'소록-446',412,2),(447,'소록-447',413,4),(448,'소록-448',414,4),(449,'소록-449',415,4),(450,'소록-450',416,4),(451,'소록-451',417,4),(452,'소록-452',418,4),(453,'소록-453',419,4),(454,'소록-454',420,10),(455,'소록-455',421,10),(456,'소록-456',422,10),(457,'소록-457',423,2),(458,'소록-458',424,2),(459,'소록-459',425,2),(460,'소록-460',426,2),(461,'소록-461',427,2),(462,'소록-462',428,2),(463,'소록-463',429,2),(464,'소록-464',430,2),(465,'소록-465',431,2),(466,'소록-466',432,2),(467,'소록-467',433,10),(468,'소록-468',434,10),(469,'소록-469',435,1),(470,'소록-470',436,2),(471,'소록-471',437,2),(472,'소록-472',438,4),(473,'소록-473',439,2),(474,'소록-900',440,18),(475,'소록-901',441,18),(476,'소록-902',442,18),(480,'소록-903',443,18),(481,'소록-904',444,18),(482,'소록-905',445,18);
/*!40000 ALTER TABLE `book_dtl` ENABLE KEYS */;
UNLOCK TABLES;

--
-- Table structure for table `book_mst`
--

DROP TABLE IF EXISTS `book_mst`;
/*!40101 SET @saved_cs_client     = @@character_set_client */;
/*!50503 SET character_set_client = utf8mb4 */;
CREATE TABLE `book_mst` (
  `book_id` int NOT NULL AUTO_INCREMENT,
  `book_name` varchar(45) NOT NULL,
  `author_id` int NOT NULL,
  `publisher_id` int NOT NULL,
  `publication_date` date NOT NULL,
  `book_price` int NOT NULL,
  `like_count` int NOT NULL DEFAULT '0',
  PRIMARY KEY (`book_id`)
) ENGINE=InnoDB AUTO_INCREMENT=512 DEFAULT CHARSET=utf8mb4 COLLATE=utf8mb4_0900_ai_ci;
/*!40101 SET character_set_client = @saved_cs_client */;

--
-- Dumping data for table `book_mst`
--

LOCK TABLES `book_mst` WRITE;
/*!40000 ALTER TABLE `book_mst` DISABLE KEYS */;
INSERT INTO `book_mst` VALUES (1,'그들이 말하지 않는 23가지',1,1,'2010-11-08',14800,3),(2,'브리다',2,2,'2010-10-21',12000,6),(3,'카산드라의 거울. 1',3,3,'2010-11-25',11800,9),(4,'생각 버리기 연습',4,4,'2010-09-10',12000,12),(5,'허수아비춤',5,5,'2010-10-01',12000,15),(6,'SERI 전망 2011',6,6,'2010-12-01',18000,18),(7,'stick to it',7,7,'2010-12-07',13000,21),(8,'달콤한 작은 거짓말',8,8,'2010-11-02',11000,24),(9,'나쁜 사마리아인들',1,1,'2007-10-10',14000,3),(10,'내 젊은 날의 숲',9,2,'2010-11-09',12000,6),(11,'멋지게 나이 드는 법',10,9,'2009-11-07',12000,27),(12,'지리산 행복학교(공지영의)',11,10,'2010-11-25',13800,30),(13,'빅 픽처',12,11,'2010-06-10',12000,33),(14,'스물살 때보다 지금 더 꿈꿔라',13,12,'2010-09-17',13000,36),(15,'제2막에의 초대',14,13,'2010-04-16',15000,39),(16,'서른 살엔 미처 몰랐던 것들',15,14,'2010-11-18',13000,42),(17,'스님의 주례사',16,15,'2010-09-13',12000,45),(18,'닉 부이치치의 허그',17,16,'2010-10-04',12000,48),(19,'3분 고전',18,9,'2010-11-07',13500,27),(20,'삼성처럼 일하라',19,17,'2010-11-22',13000,51),(21,'왜 도덕인가',20,18,'2010-11-15',16000,54),(22,'소년을 위로해줘',21,2,'2010-11-15',13000,6),(23,'멋지게 한말씀',22,19,'2010-10-01',15000,57),(24,'리딩으로 리드하라',23,2,'2010-11-17',15000,6),(25,'부자들의 음모(부자아빠 기요사키가 말하는)',24,20,'2010-09-03',16000,60),(26,'공부하는 독종이 살아남는다',25,21,'2009-03-10',13000,63),(27,'김종욱 찾기',26,22,'2010-11-22',12000,66),(28,'멈추지마 다시 꿈부터 써봐',27,23,'2010-04-30',12000,69),(29,'스토리 건배사',28,4,'2010-11-15',12000,12),(30,'홀로 사는 즐거움',29,24,'2004-05-01',9800,72),(31,'말과 침묵',29,24,'2010-02-25',8500,72),(32,'FBI 행동의 심리학',30,25,'2010-09-13',14000,75),(33,'버리고 떠나기',29,24,'2001-08-05',8500,72),(34,'대화(한 지식인의 삶과 사상)',31,26,'2005-03-10',22000,78),(35,'텅빈 충만',29,24,'2001-10-27',8500,72),(36,'그물에 걸리지 않는 바람처럼',29,24,'2002-10-22',8500,72),(37,'종이 여자',32,11,'2010-12-21',12000,33),(38,'지성에서 영성으로',33,27,'2010-05-13',17000,81),(39,'꿈이 나에게 묻는 열 가지 질문(선물용 특별한정판)(드림노트포함)',34,28,'2010-12-17',12000,84),(40,'산방한담',29,24,'2001-10-17',8500,72),(41,'아웃라이어(OUTLIERS)',35,29,'2009-01-27',13000,87),(42,'스프링',36,20,'2010-11-01',14000,60),(43,'원피스. 59',37,30,'2010-11-30',4500,90),(44,'진보집권플랜: 오연호가 묻고 조국이 답하다',38,31,'2010-11-05',15000,93),(45,'흑집사. 10',39,32,'2010-11-29',4200,96),(46,'반성',40,33,'2010-11-23',12000,99),(47,'리영희 평전',41,34,'2010-12-10',28000,102),(48,'인도기행(개정판)',29,35,'2006-06-15',12000,105),(49,'아름다운 마무리',29,36,'2008-11-15',11500,108),(50,'오두막 편지(개정판)',29,37,'2009-07-22',9800,111),(51,'전환시대의 논리(창비신서 4)',31,38,'2006-03-02',17000,114),(52,'서 있는 사람들',29,24,'2003-02-28',8500,72),(53,'영혼의 모음',29,24,'2002-01-25',8500,72),(54,'압구정 소년들',42,39,'2010-12-01',11800,117),(55,'수학도둑. 19(코믹 메이플스토리',43,40,'2010-11-20',9000,120),(56,'오두막',44,41,'2009-03-16',12800,123),(57,'서른살이 심리학에게 묻다',45,42,'2008-02-18',12000,126),(58,'언더그라운드',46,2,'2010-11-24',18000,6),(59,'못 가본 길이 더 아름답다',47,43,'2010-08-02',12000,129),(60,'같이 걷기',48,44,'2010-11-26',11000,132),(61,'우리는 천국으로 출근한다',49,4,'2010-11-15',15000,12),(62,'탐정클럽',50,22,'2010-10-12',12800,66),(63,'매일 읽는 긍정의 한 줄',51,45,'2008-12-28',10000,135),(64,'2011 세계경제대전망(이코노미스트)(25주년 특별판)',52,18,'2010-12-05',18000,54),(65,'너를 만나 행복해',53,46,'2010-11-20',10000,138),(66,'꿈꾸는 다락방',23,47,'2007-05-28',12000,141),(67,'내일은 실험왕. 15: 지진의 대결(실험키트 포함)',54,48,'2010-10-22',10500,144),(68,'메이플 스토리 오프라인 RPG. 42',43,40,'2010-10-20',8900,120),(69,'혼 창 통',55,19,'2010-02-01',14000,57),(70,'노빈손의 사건만발 독일 여행(신나는 노빈손 세계 역사탐험 시리즈 9)',56,49,'2010-11-30',9500,147),(71,'시크릿',57,50,'2007-06-18',12000,150),(72,'위로',25,51,'2010-11-15',12800,153),(73,'일기일회(一期一會)(법정 스님 법문집 1)',29,36,'2009-05-27',15000,108),(74,'생각이 나서',58,8,'2010-11-05',12800,24),(75,'그들에게 있었다(당신이 알아야 할 모든 것은)',59,52,'2010-11-29',13000,156),(76,'클린(CLEAN): 씻어내고 새롭게 태어나는 내 몸 혁명',60,19,'2010-09-20',15000,57),(77,'병원 직원의 감염관리',61,53,'2007-10-10',18000,159),(78,'심리학이 서른 살에게 답하다',45,14,'2009-05-11',12000,42),(79,'성균관 유생들의 나날. 1(개정판)',62,54,'2009-07-27',11000,162),(80,'규장각 각신들의 나날. 1',62,54,'2009-07-20',11000,162),(81,'20대 경제생활 첫걸음',63,55,'2010-09-20',14800,165),(82,'어디선가 나를 찾는 전화벨이 울리고',64,2,'2010-05-19',11500,6),(83,'조선왕을 말하다 2',65,56,'2023-02-03',17000,168),(84,'더블 (상)',66,57,'2010-11-11',25000,171),(85,'더블 (하)',66,57,'2010-11-11',25000,171),(86,'하나님의 대사',67,44,'2010-01-25',11000,132),(87,'행복은 전염된다',68,29,'2010-11-12',15000,87),(88,'가슴속을 누가 걸어가고 있다',69,58,'1995-10-05',7000,174),(89,'페이스 쇼퍼',70,59,'2010-11-08',12000,177),(90,'심리학 콘서트',71,60,'2006-09-25',15000,180),(91,'소설 무소유: 법정스님 이야기',72,27,'2010-04-20',15000,81),(92,'바보처럼 공부하고 천재처럼 꿈꿔라',73,61,'2007-01-03',10000,183),(93,'보수는 어떻게 지배하는가',74,23,'2010-11-22',15000,69),(94,'잠들기 전에 읽는 긍정의 한줄',75,45,'2009-12-07',10000,135),(95,'퍼니퍼니 학원 앨리스. 22',76,30,'2011-01-15',4200,90),(96,'트렌드 코리아 2011',77,62,'2010-11-28',15000,186),(97,'생각을 선물하는 남자',78,4,'2010-12-06',14000,12),(98,'그 후에',32,11,'2010-06-03',11500,33),(99,'네가 어떤 삶을 살든 나는 너를 응원할 것이다(양장본)',11,10,'2008-03-24',12000,30),(100,'부자들의 음모에서 살아남는 재테크 비법노트',79,20,'2023-02-03',16000,60),(101,'구해줘',32,11,'2010-09-13',11000,33),(102,'4천만이 검색한 오늘의 요리',80,21,'2010-02-17',13000,63),(103,'W : 세계를 보는 새로운 창',81,63,'2008-11-15',12800,189),(104,'제4의 불',82,64,'2010-01-18',13000,192),(105,'어떻게 살인자를 변호할 수 있을까',83,42,'2010-11-01',10000,126),(106,'아무렇지도 않게 맑은 날(문학과지성시인선 230)',84,58,'1999-10-11',7000,174),(107,'위험한 심리학',85,65,'2009-11-10',13000,195),(108,'삐뽀삐뽀 119소아과(삐뽀삐뽀 시리즈 1)',86,66,'2010-02-25',29000,198),(109,'2010 마음의 소리 VER. 2',87,67,'2010-11-23',10000,201),(110,'아깝다 학원비(CD1장포함)',88,68,'2010-11-21',13000,204),(111,'주식투자는 두뇌게임이다(세계 최강의 승부사 이태혁의)',89,69,'2010-11-20',15000,207),(112,'정글에서 살아남기. 5',90,70,'2010-11-23',9500,210),(113,'머니랩',91,71,'2010-11-01',16000,213),(114,'나만 위로할 것',92,72,'2010-10-08',13500,216),(115,'위대한 설계',93,73,'2010-10-05',18000,219),(116,'인연 이야기(개정판)',29,36,'2009-07-15',11500,108),(117,'세계사를 움직이는 다섯 가지 힘',94,49,'2009-10-26',13000,147),(118,'사랑해 사랑해 사랑해(아기 그림책 보물창고 1)',95,74,'2006-12-20',8500,222),(119,'2011 업계지도',96,75,'2010-11-29',20000,225),(120,'사회적 원자',97,76,'2010-08-14',15000,228),(121,'일본의 작은 마을',98,77,'2009-10-23',12000,231),(122,'그램그램 영문법 원정대. 15: 현재완료',99,78,'2010-11-26',9800,234),(123,'용의자 X의 헌신',50,43,'2006-08-10',10000,129),(124,'빌리뱃. 2',100,32,'2010-11-25',5500,96),(125,'미래산업전망대',101,6,'2010-11-12',12000,18),(126,'월든',102,37,'2006-05-20',9800,111),(127,'우연에 기댈 때도 있었따',103,58,'2003-02-10',7000,174),(128,'행복의 조건',104,79,'2010-01-20',19000,237),(129,'일본 재발견',105,6,'2010-03-19',13000,18),(130,'인생사전: 당신의 운명을 바꿔줄 위대한 질문100',106,80,'2010-11-30',17000,240),(131,'스웨이(사람의 마음을 흔드는 선택의 비밀)',107,25,'2009-10-19',12800,75),(132,'조선 왕을 말하다',65,56,'2010-06-10',15000,168),(133,'긍정의 한 줄(이야기 속에 담긴)',108,45,'2010-11-29',11000,135),(134,'지하 100층짜리 집',109,81,'2010-11-10',9500,243),(135,'내몸 사용설명서',110,29,'2007-03-25',13000,87),(136,'내 영혼이 따뜻했던 날들',111,82,'2009-03-27',9000,246),(137,'그 청년 바보 의사',112,83,'2009-07-20',12000,249),(138,'하나님의 타이밍',113,84,'2010-09-30',11000,252),(139,'싸드',114,85,'2014-08-15',14200,255),(140,'유진S 뷰티 시크릿',115,86,'2009-12-21',15000,258),(141,'스토리텔링의 비밀',116,87,'2008-11-01',12000,261),(142,'구름빵(마음씨앗 그림책 2)',117,88,'2007-02-05',8500,264),(143,'서울대 명품 강의',118,89,'2010-12-01',16000,267),(144,'회사가 붙잡는 사람들의 1% 비밀',119,90,'2009-02-13',12000,270),(145,'삐뽀삐뽀 119 이유식',86,66,'2006-09-15',11900,198),(146,'삶이 자꾸 아프다고 말할 때',120,91,'2012-07-02',9800,273),(147,'행복 유전자',121,92,'2010-11-25',13000,276),(148,'사랑하라 한번도 상처받지 않은 것처럼',122,93,'2008-10-24',8000,279),(149,'비즈니스를 위한 명언상식',123,94,'2010-12-01',13800,282),(150,'프로이트의 환자들',124,95,'2010-12-01',22000,285),(151,'마켓 3.0',125,71,'2010-05-11',14000,213),(152,'왜 나는 너를 사랑하는가(개정판)',126,96,'2007-07-30',9800,288),(153,'3불전략',127,97,'2010-11-30',13000,291),(154,'감정을 다스리는 사람 감정에 휘둘리는 사람',128,65,'2010-07-05',12000,195),(155,'세로토닌하라',25,21,'2010-07-15',14000,63),(156,'다잉 아이',50,98,'2010-07-30',14800,294),(157,'서두르다 잃어버린 머뭇거리다 놓쳐버린',129,25,'2010-06-10',13000,75),(158,'상실의 시대:원제 노르웨이의 숲',46,99,'2010-07-20',12800,297),(159,'내 인생에 힘이 되어준 한마디',130,100,'2006-03-08',10500,300),(160,'천국의 열쇠',131,101,'2005-04-10',13800,303),(161,'바람과 함께 사라지다 1(양장)',132,102,'2010-08-01',12000,306),(162,'바람과 함께 사라지다 2(양장)',132,102,'2010-08-01',12000,306),(163,'안네 카레니나(상권)',133,103,'2010-12-07',15000,309),(164,'안네 카레니나(하권)',133,103,'2010-12-07',13000,309),(165,'잔양(殘陽)',134,104,'2009-06-05',15000,312),(166,'마그마',134,104,'2009-06-05',15000,312),(167,'안개',134,104,'2009-06-05',15000,312),(168,'늪과바람',134,104,'2009-06-05',15000,312),(169,'노인정산조',134,104,'2009-06-05',15000,312),(170,'파종기',134,104,'2009-06-05',15000,312),(171,'움직이는 벽',134,104,'2009-06-05',15000,312),(172,'그들은 왜 갔을까',134,104,'2009-06-05',15000,312),(173,'화려한 울음',134,104,'2009-06-05',15000,312),(174,'또 얼마나 기다려야 하나',134,104,'2009-06-05',15000,312),(175,'장희빈(1)',135,105,'1988-02-25',8000,315),(176,'장희빈(2)',135,105,'1988-02-25',8000,315),(177,'장희빈(3)',135,105,'1988-02-25',8000,315),(178,'장희빈(4)',135,105,'1988-02-25',8000,315),(179,'무인시대(상)',136,105,'2003-02-05',9000,315),(180,'무인시대(중)',136,105,'2003-02-05',9000,315),(181,'무인시대(하)',136,105,'2003-02-05',9000,315),(182,'여인천하(상)',135,105,'1985-03-30',7000,315),(183,'여인천하(중)',135,105,'1985-03-30',7000,315),(184,'여인천하(하)',135,105,'1985-03-30',7000,315),(185,'월간 다리(1)',137,105,'2002-04-19',12000,315),(186,'월간 다리(2)',137,105,'2002-04-19',12000,315),(187,'월간 다리(3)',137,105,'2002-04-19',12000,315),(188,'월간 다리(4)',137,105,'2002-04-19',12000,315),(189,'월간 다리(5)',137,105,'2002-04-19',12000,315),(190,'월간 다리(6)',137,105,'2002-04-19',12000,315),(191,'월간 다리(7)',137,105,'2002-04-19',12000,315),(192,'월간 다리(8)',137,105,'2002-04-19',12000,315),(193,'월간 다리(9)',137,105,'2002-04-19',12000,315),(194,'월간 다리(10)',137,105,'2002-04-19',12000,315),(195,'수목원 가는 길',138,106,'2014-06-25',15000,318),(196,'국경',134,107,'2023-02-03',13000,321),(197,'황색인',139,107,'2012-11-07',14000,321),(198,'황해문화 48',140,108,'2023-02-03',0,324),(199,'황해문화 84',140,108,'2023-02-03',0,324),(200,'계간문예',141,104,'2010-09-15',12000,312),(201,'내손 안의 풍경',142,108,'1999-06-25',0,324),(202,'바람 속에서',143,108,'2008-06-16',0,324),(203,'문학교실',144,109,'2012-04-05',0,327),(204,'낙타의 시간',145,110,'2013-11-19',12000,330),(205,'연인',79,111,'2023-02-03',12000,333),(206,'불멸의 꽃',146,106,'2014-12-15',12000,318),(207,'변명',147,111,'2023-02-03',11000,333),(208,'우리가 행복지려면',148,112,'2023-02-03',13500,336),(209,'하찮은 초콜릿 한덩이',149,113,'2013-02-20',12000,339),(210,'2100년',150,114,'2023-02-03',10000,342),(211,'신데렐라의 아침',151,115,'2013-06-05',12000,345),(212,'당신의 무늬',152,116,'2023-02-03',13900,348),(213,'사랑해 미안해',150,114,'2013-04-20',9000,342),(214,'사랑은 누구에게도 머물지않는다',153,117,'2013-08-25',10000,351),(215,'외나무다리',154,106,'2013-08-01',15000,318),(216,'물한실',155,106,'2013-08-15',12000,318),(217,'세상에 말을 걸다',156,118,'2014-05-18',14000,354),(218,'큰놈이 나타났다',157,115,'2013-09-10',12000,345),(219,'벼랑에 핀 꽃 수리',158,116,'2023-02-03',12000,348),(220,'천운(상)',159,105,'1997-01-20',7000,315),(221,'천운(중)',159,105,'1997-01-21',7000,315),(222,'천운(하)',159,105,'1997-01-22',7000,315),(223,'그리고 마루타에게 묻다(상)',160,119,'2011-07-01',12000,357),(224,'그리고 마루타에게 묻다(하)',160,119,'2011-07-02',12000,357),(225,'이 시대의 봉이',161,120,'2013-12-15',13000,360),(226,'늙은 고기잡이의 노래',162,121,'2013-10-25',15000,363),(227,'스핑크스도 모른다',163,43,'2012-07-10',12000,129),(228,'덕수궁 돌담길',164,115,'2014-08-11',15000,345),(229,'그녀들만의 도미요리',165,116,'2013-07-15',12000,348),(230,'젊은 아빠, 엄마에게 주는 72통의 편지',166,105,'2003-03-10',10000,315),(231,'우리 소리의 고향',167,105,'2004-07-15',12000,315),(232,'또하나의 三國志',168,105,'1997-01-30',7000,315),(233,'누구를 위하여 사랑하는가',169,122,'1979-09-15',2500,366),(234,'사로잡힘에 대하여',170,105,'1998-09-20',6000,315),(235,'진경산수',171,123,'2010-11-10',10000,369),(236,'탁류(상)',172,105,'1991-06-25',3000,315),(237,'탁류(하)',172,105,'1991-06-25',3000,315),(238,'서울역',173,124,'2012-02-15',10000,372),(239,'별보다 무거운 바람',174,125,'2014-08-22',13000,375),(240,'응답하라! 사랑아! 결혼아!',175,126,'2014-06-25',12000,378),(241,'DJ와 책',41,105,'2000-10-16',7000,315),(242,'홀로 견디기',176,127,'2014-10-30',9000,381),(243,'그녀의 검은 가터벨트',177,128,'2012-01-31',11000,384),(244,'2011 신춘문예 당선소설집',48,129,'2011-01-25',16000,387),(245,'2013 신춘문예 당선소설집',138,129,'2013-02-04',12000,387),(246,'눈덩이처럼 불어나는 행복순환의 법칙',178,130,'2009-09-14',12800,390),(247,'시간의 주름',179,131,'2014-02-28',18000,393),(248,'동티',180,132,'2010-08-04',12000,396),(249,'무당벌레는 꼭대기에서 난다',181,58,'2013-11-22',12000,174),(250,'나에게 꽃을 다오 시간이 흘린 눈물을 다오',182,21,'2010-05-20',12000,63),(251,'소설직지',183,106,'2013-12-12',12000,318),(252,'국민대통령누구없소',184,133,'2012-07-20',13000,399),(253,'러브스토리',185,105,'1979-10-01',3000,315),(254,'황금연못',186,105,'1987-04-25',2000,315),(255,'데미안',187,105,'1981-12-15',3000,315),(256,'영혼의 도시락',188,105,'1999-06-25',5000,315),(257,'크스트다운 법칙',189,105,'1980-05-15',5000,315),(258,'슬픔이여 안녕 마음의 파수꾼',190,105,'1978-09-05',3000,315),(259,'동백꽃 소나기',191,105,'1983-07-30',3000,315),(260,'메밀꽃필 무렵',192,105,'1982-02-25',3000,315),(261,'탤리 가의 빈집(외)',193,105,'1994-10-20',4000,315),(262,'추월색 자유종 설중매',194,105,'1984-07-30',3000,315),(263,'감자 배따라기(외)',195,105,'1982-12-30',3000,315),(264,'탈출기 홈염(외)',196,105,'1995-08-30',3000,315),(265,'단재 신채호 문지',197,105,'1999-07-30',3000,315),(266,'예술가의 명언',198,105,'1982-12-20',3000,315),(267,'철학 사상이야기(상)',199,105,'1976-03-05',3000,315),(268,'철학 사상이야기(하)',199,105,'1976-03-05',3000,315),(269,'역사의 연구(1)',200,105,'1982-08-20',10000,315),(270,'역사의 연구(2)',200,105,'1982-08-21',10000,315),(271,'생채식 건강법',201,105,'1999-09-20',6000,315),(272,'양치는 언덕',202,105,'1983-06-30',4000,315),(273,'전인목회를 위한 가정사역',203,134,'2014-09-01',11000,402),(274,'만해 한용운',204,105,'1995-06-30',3000,315),(275,'함께 부르는 노래',205,123,'2009-02-25',15000,369),(276,'윤봉길의사 일대기',204,105,'1993-05-10',3000,315),(277,'예언자 영가',206,105,'1982-10-30',2000,315),(278,'천사의 분노',207,105,'1989-07-20',7000,315),(279,'생명경영학',208,105,'1984-05-10',3000,315),(280,'자화상을 그리듯이',209,105,'1997-11-30',7000,315),(281,'아름다움을 생각한다',210,105,'2004-09-15',9000,315),(282,'나의 애송시',211,123,'2008-01-20',12000,369),(283,'쇼팽의음악과 사랑',212,105,'1981-04-05',3000,315),(284,'새로운 세계사',213,105,'1994-01-20',12000,315),(285,'천국의 새(상)',214,105,'2002-05-01',9000,315),(286,'천국의 새(하)',214,105,'2002-05-01',9000,315),(287,'밤과 안개',215,105,'1987-10-20',3000,315),(288,'유태인의 상술',216,105,'1979-12-25',2500,315),(289,'타인의 피',217,105,'1973-05-25',5000,315),(290,'바다와 사르디니아',218,105,'2000-10-10',9000,315),(291,'한 출판인의 초상',219,105,'1995-12-27',12000,315),(292,'지나온 세월속의 편린들',219,105,'2009-01-15',12000,315),(293,'정경조 재미 유공 동포의 반세기',220,105,'2004-01-10',10000,315),(294,'늪텃집 처녀',221,105,'1977-02-25',3000,315),(295,'재미있는 북경 중국어',222,105,'1996-03-05',8000,315),(296,'신약성서 이야기',223,105,'1984-12-30',3500,315),(297,'한국소설',224,129,'2013-12-01',15000,387),(298,'연인',79,111,'2023-02-03',0,333),(299,'황해문화',79,108,'2023-02-03',0,324),(300,'부모와 청소년',225,105,'1984-07-30',8000,315),(301,'중국변형 신화의 세계',226,105,'2001-10-05',13000,315),(302,'달을 삼킨 아이',227,115,'2013-10-07',12000,345),(303,'이래도 될까 지구촌환경',228,105,'1994-11-30',6000,315),(304,'나는 왕이로 소이다(외)',229,123,'2005-01-11',0,369),(305,'계간문예',170,104,'2023-02-03',0,312),(306,'책의 길 나의 길',219,105,'1990-09-30',5000,315),(307,'하나되는 한국사',230,105,'1992-01-20',9000,315),(308,'진정한 기쁨',231,105,'1978-01-15',2500,315),(309,'녹색경전',232,105,'2001-11-15',7000,315),(310,'적극적 사고방식',233,105,'1976-11-10',7000,315),(311,'첫사랑',234,105,'1983-12-10',3000,315),(312,'속죄양(외)',235,105,'1975-10-01',2000,315),(313,'버스드라이버',236,135,'2013-11-11',12000,405),(314,'내사랑 내님은',79,136,'2014-02-05',10000,408),(315,'歸天의 길목',237,129,'2009-09-20',9500,387),(316,'2012 소설창작반 작품집',238,137,'2012-12-20',0,411),(317,'한국소설',239,129,'2015-01-01',15000,387),(318,'시대의 아침을 여는 살마들',240,108,'2023-02-03',0,324),(319,'시선',241,138,'2023-02-03',0,414),(320,'엄마 목소리 ',242,108,'2006-06-30',0,324),(321,'아빠의 웃음',243,108,'2002-06-20',0,324),(322,'송파문학',79,139,'2010-11-19',0,417),(323,'계간문예',141,104,'2012-06-15',12000,312),(324,'꽁치를 굽는다',244,118,'2009-02-10',10000,354),(325,'그 사막에는 야생화가 있다',245,118,'2013-04-20',12000,354),(326,'권력과 지식인',246,140,'2011-09-10',25000,420),(327,'퀼트 탑',247,141,'2014-07-10',12000,423),(328,'시조에 깃든 우리 얼',248,105,'1997-05-20',3000,315),(329,'믿나라',249,105,'2005-09-22',7000,315),(330,'아프리카의 별',150,114,'2013-09-30',11000,342),(331,'잊지 못할 일',250,108,'2014-06-15',0,324),(332,'붓다, 유혹하다',251,142,'2014-11-22',12000,426),(333,'꽃비 내리다',252,135,'2014-12-10',12000,405),(334,'히말라야바위취',253,118,'2013-11-20',12000,354),(335,'그 바람의 행적',254,143,'2013-11-05',10000,429),(336,'金氏의 뿌리(상)',255,105,'1996-07-20',7000,315),(337,'金氏의 뿌리(중)',255,105,'1996-07-20',7000,315),(338,'카나리아 군도',256,105,'1988-08-20',3000,315),(339,'독립운동사의 제간제',257,105,'1992-05-20',9000,315),(340,'꽃보다 붉은 울음',258,144,'2013-11-19',14000,432),(341,'사랑하지 말자',259,145,'2012-08-25',15000,435),(342,'행복마에스트로 1',260,130,'2012-05-18',11000,390),(343,'행복마에스트로 2',260,130,'2012-05-18',11000,390),(344,'잿빛달',261,146,'2011-11-20',7000,438),(345,'햇살이 그려준 얼굴',262,147,'2010-12-13',12000,441),(346,'내 삶을 기쁘게 하는 모든 것들',263,148,'2002-12-05',8500,444),(347,'신인의 뜰에부는 바람',264,149,'2012-12-11',10000,447),(348,'가출',265,150,'1997-05-20',6500,450),(349,'산다는 것의 의미 1',266,151,'2001-12-25',7000,453),(350,'느리게 산다는 것의 의미 2',266,151,'2001-05-25',7001,453),(351,'느리게 산다는 것의 의미 3',266,151,'2002-07-30',7000,453),(352,'느리게 산다는 것의 의미 4',266,151,'2007-01-10',7000,453),(353,'혼창통(당신의 이 셋을 가졌는가?)',55,152,'2010-02-01',14000,456),(354,'생태도시 아바나의 탄생',267,153,'2004-02-09',10000,459),(355,'톡톡 튀는 한방이야기',268,154,'1997-08-20',8000,462),(356,'김교신의 신앙과 저항',269,155,'2012-08-10',10000,465),(357,'세상이 하나 뿐인',270,156,'2010-12-01',0,468),(358,'바람에게',271,157,'2010-07-15',8000,471),(359,'8년의 동행',272,158,'2010-03-15',12000,474),(360,'가을동화 1',273,159,'2001-01-10',7500,477),(361,'우리집 손님들',268,154,'2004-02-02',7000,462),(362,'사람을 살리는 생채식',274,160,'2004-02-09',12000,480),(363,'인도 찾아나섰던 콜럼버스를 기억하며',275,161,'2006-08-31',0,483),(364,'같은 하늘 다른 세상',276,162,'2011-12-30',10000,486),(365,'인생의 고난에 고개 숙이지 마라',277,163,'2012-07-01',13000,489),(366,'하루 15분 정리의 힘',278,90,'2000-05-23',13800,270),(367,'시와 함께 살아요',279,162,'2011-12-30',10000,486),(368,'나의 아픈것은 강이 되고 산이 되어',280,162,'2011-12-30',10000,486),(369,'그냥 꽃이면 된다',281,162,'2011-12-30',10000,486),(370,'들꽃',282,162,'2011-12-30',10000,486),(371,'감사하라 내영혼아',283,162,'2011-12-30',10000,486),(372,'감사하라 내영혼아',284,162,'2011-12-30',10000,486),(373,'그늘 아래에서',285,162,'2011-12-30',10000,486),(374,'한 많은 어머니 눈물',286,162,'2011-12-30',10000,486),(375,'한 많은 어머니 눈물',287,162,'2011-12-30',10000,486),(376,'전선의 여명',288,162,'2011-12-30',10000,486),(377,'물그림자',289,162,'2011-12-30',10000,486),(378,'내안에 뜨는 상현달',290,162,'2011-12-30',10000,486),(379,'하늘바라기',291,162,'2011-12-30',10000,486),(380,'보이는 것들에 대한 단상',292,162,'2011-12-30',10000,486),(381,'엄마 목소리 ',293,162,'2011-12-30',10000,486),(382,'나의 인생',294,162,'2011-12-30',10000,486),(383,'내 어린날의 추억',295,162,'2011-12-30',10000,486),(384,'자연은 나를 품으려 한다',296,162,'2011-12-30',10000,486),(385,'지상의 빈 의자',297,162,'2011-12-30',10000,486),(386,'그대보다 더 사랑스런 이대',298,162,'2011-12-30',10000,486),(387,'동백꽃 사랑',299,162,'2011-12-30',10000,486),(388,'눈물 그대로 꽃이 되어',300,162,'2011-12-30',10000,486),(389,'바다와 소년',301,162,'2011-12-30',10000,486),(390,'너에게로 가는길',264,164,'2013-12-11',10000,492),(391,'바다를 찾아 떠나는 돌',302,162,'2011-12-30',10000,486),(392,'개에 대하여',303,76,'2023-02-03',15000,228),(393,'소나무',304,165,'2010-12-10',12000,495),(394,'은행나무',304,165,'2010-12-10',12000,495),(395,'느티나무',304,165,'2010-12-10',12000,495),(396,'사소한것에 목숨 걸지마라(직장인 편)',305,166,'2005-03-25',9500,498),(397,'아홉살 인생',306,167,'1991-12-20',8000,501),(398,'괭이부리말 아이들',307,168,'2001-10-30',8500,504),(399,'아무도 네 인생을 대신 살아주지 않는다',308,169,'2003-05-20',9500,507),(400,'남자처럼 일하고 여자처럼 승리하라',309,170,'2000-07-30',8500,510),(401,'나에게 딱 좋은 남자',310,171,'2002-03-15',7800,513),(402,'세상소리',311,172,'2000-08-16',5500,516),(403,'우리들의 행복한 시간',11,173,'2005-04-18',9500,519),(404,'성철스님 시봉이야기 1',312,29,'2001-12-01',8500,87),(405,'성철스님 시봉이야기 2',312,29,'2001-12-01',8500,87),(406,'서리꽃 1',313,59,'2001-11-24',8000,177),(407,'서리꽃 2',313,59,'2001-11-24',8000,177),(408,'서리꽃 3',313,59,'2001-11-24',8000,177),(409,'다빈치 코드 1',314,174,'2004-07-05',7800,522),(410,'다빈치 코드 2',314,174,'2004-07-05',7800,522),(411,'마당깊은 집',315,58,'1988-11-01',7000,174),(412,'내 몸은 너무 오래 서 있거나 걸어왔다',316,2,'2000-06-15',8000,6),(413,'야생초 편지',317,166,'2002-10-01',8500,498),(414,'일본은 없다 ',318,175,'1993-11-15',6000,525),(415,'일본은 없다 2',318,175,'1993-11-15',6000,525),(416,'일본은 있다',319,176,'1994-11-20',6500,528),(417,'남산의 부장들 1',320,7,'1992-11-14',5500,21),(418,'남산의 부장들 2',320,7,'1992-11-07',5500,21),(419,'남산의 부장들 3',321,7,'1993-11-30',5500,21),(420,'세계 현대사 1',322,177,'1993-08-10',7000,531),(421,'세계 현대사 2',322,177,'1993-08-10',7000,531),(422,'세계 현대사 3',322,177,'1993-08-10',7000,531),(423,'최후의 계염령 1',323,178,'1991-07-10',4200,534),(424,'최후의 계염령 2',323,178,'1991-07-10',4200,534),(425,'최후의 계염령 3',323,178,'1991-07-10',4200,534),(426,'뇌(상)',3,3,'2002-07-10',8500,9),(427,'뇌(하)',3,3,'2002-07-10',8500,9),(428,'타나토 노트(상)',3,3,'1994-09-20',5500,9),(429,'타나토 노트(하)',3,3,'1994-09-20',5500,9),(430,'외딴방 1',64,2,'1995-10-10',6300,6),(431,'외딴방 2',64,2,'1995-10-10',6300,6),(432,'애무새 죽이기',324,179,'1992-10-20',5800,537),(433,'지식인들(상)',322,180,'1993-08-05',5800,540),(434,'지식인들(하)',322,180,'1993-08-05',5800,540),(435,'권력이동',325,18,'1990-12-01',9000,54),(436,'아라비안 나이트 1',326,105,'1992-12-30',8000,315),(437,'대한제국 일본 침략사',323,181,'1994-02-01',2500,543),(438,'호남죽이기 정면돌파',327,182,'1993-08-20',7500,546),(439,'고등어',11,183,'1994-06-25',5500,549),(440,'테스트 도서',328,184,'2023-02-03',10000,552),(441,'테스트 도서1',329,185,'2023-02-03',20000,555),(442,'테스트 도서2',330,186,'2023-02-03',30000,558),(443,'테스트 도서3',331,187,'2023-02-03',20000,561),(444,'테스트 도서4',332,188,'2023-02-03',30000,564),(445,'다시 바꾼 도서명',333,189,'2023-02-03',40000,567);
/*!40000 ALTER TABLE `book_mst` ENABLE KEYS */;
UNLOCK TABLES;

--
-- Table structure for table `category_mst`
--

DROP TABLE IF EXISTS `category_mst`;
/*!40101 SET @saved_cs_client     = @@character_set_client */;
/*!50503 SET character_set_client = utf8mb4 */;
CREATE TABLE `category_mst` (
  `category_id` int NOT NULL AUTO_INCREMENT,
  `category_name` varchar(45) NOT NULL,
  PRIMARY KEY (`category_id`)
) ENGINE=InnoDB AUTO_INCREMENT=20 DEFAULT CHARSET=utf8mb4 COLLATE=utf8mb4_0900_ai_ci;
/*!40101 SET character_set_client = @saved_cs_client */;

--
-- Dumping data for table `category_mst`
--

LOCK TABLES `category_mst` WRITE;
/*!40000 ALTER TABLE `category_mst` DISABLE KEYS */;
INSERT INTO `category_mst` VALUES (1,'경제/경영'),(2,'소설'),(3,'자기계발'),(4,'시/에세이'),(5,'종교'),(6,'인문'),(7,'정치/사회'),(8,'만화'),(9,'여행/기행'),(10,'역사/문화'),(11,'아동'),(12,'유아'),(13,'건강'),(14,'기술/공학'),(15,'요리'),(16,'가정/생활'),(17,'예술/대중문화'),(18,'기타'),(19,'과학/공학');
/*!40000 ALTER TABLE `category_mst` ENABLE KEYS */;
UNLOCK TABLES;

--
-- Table structure for table `publisher_mst`
--

DROP TABLE IF EXISTS `publisher_mst`;
/*!40101 SET @saved_cs_client     = @@character_set_client */;
/*!50503 SET character_set_client = utf8mb4 */;
CREATE TABLE `publisher_mst` (
  `publisher_id` int NOT NULL AUTO_INCREMENT,
  `publisher_name` varchar(45) NOT NULL,
  PRIMARY KEY (`publisher_id`)
) ENGINE=InnoDB AUTO_INCREMENT=190 DEFAULT CHARSET=utf8mb4 COLLATE=utf8mb4_0900_ai_ci;
/*!40101 SET character_set_client = @saved_cs_client */;

--
-- Dumping data for table `publisher_mst`
--

LOCK TABLES `publisher_mst` WRITE;
/*!40000 ALTER TABLE `publisher_mst` DISABLE KEYS */;
INSERT INTO `publisher_mst` VALUES (1,'부키'),(2,'문학동네'),(3,'열린책들'),(4,'21세기북스'),(5,'문학의문학'),(6,'삼성경제연구소'),(7,'동아일보사'),(8,'소담출판사'),(9,'작은씨앗'),(10,'오픈하우스'),(11,'밝은세상'),(12,'지훈출판사'),(13,'에세이'),(14,'걷는나무'),(15,'휴'),(16,'두란노'),(17,'더난출판사'),(18,'한국경제신문사'),(19,'쌤앤파커스'),(20,'흐름출판'),(21,'중앙북스'),(22,'노블마인'),(23,'웅진지식하우스'),(24,'샘터사'),(25,'리더스북'),(26,'한길사'),(27,'열림원'),(28,'비즈니스맵'),(29,'김영사'),(30,'대원씨아이(주)'),(31,'오마이북'),(32,'학산문화사'),(33,'더숲'),(34,'책보세'),(35,'샘터'),(36,'문학의숲'),(37,'이레'),(38,'창작과비평사'),(39,'황소북스'),(40,'서울문화사'),(41,'세계사'),(42,'갤리온'),(43,'현대문학'),(44,'규장'),(45,'책이있는풍경'),(46,'살림어린이'),(47,'국일미디어'),(48,'아이세움'),(49,'뜨인돌출판사'),(50,'살림Biz'),(51,'생각속의집'),(52,'엘도라도'),(53,'군자출판'),(54,'파란미디어'),(55,'북스토리'),(56,'역사의아침'),(57,'창비'),(58,'문학과지성사'),(59,'자음과모음'),(60,'스타북스'),(61,'명진'),(62,'미래의창'),(63,'삼성출판사'),(64,'열음사'),(65,'청림출판'),(66,'그린비'),(67,'코리아하우스'),(68,'비아북'),(69,'카르페디엠'),(70,'코믹컴'),(71,'타임비즈'),(72,'달'),(73,'까치'),(74,'보물창고'),(75,'리더스하우스'),(76,'사이언스북스'),(77,'살림LIFE'),(78,'사회평론'),(79,'프런티어'),(80,'토네이도'),(81,'북뱅크'),(82,'아름드리미디어'),(83,'아름다운사람들(이상순)'),(84,'생명의말씀사'),(85,'새움'),(86,'시드페이퍼'),(87,'아우라'),(88,'한솔수북(한솔교육)'),(89,'글항아리'),(90,'위즈덤하우스'),(91,'시와'),(92,'베이직북스'),(93,'오래된미래'),(94,'추수밭'),(95,'프로네시스'),(96,'청미래'),(97,'가디언'),(98,'재인'),(99,'문학사상사'),(100,'비채'),(101,'섬앤섬'),(102,'동서문화사'),(103,'작가정신'),(104,'계간문예'),(105,'범우사'),(106,'문예바다'),(107,'책만드는집'),(108,'새얼문화재단'),(109,'한국서설가협회'),(110,'도화'),(111,'연인M&B'),(112,'문하그이문학'),(113,'노트북'),(114,'월파출판'),(115,'문학나무'),(116,'아라'),(117,'시한울'),(118,'청어'),(119,'아이프렌드'),(120,'책마루'),(121,'미리내'),(122,'아야꼬'),(123,'범우'),(124,'문예촌'),(125,'북치는마을'),(126,'인간과문학사'),(127,'신아출판사'),(128,'화남'),(129,'한국소설가협회'),(130,'로대'),(131,'이숲'),(132,'국학자료원'),(133,'소네트'),(134,'종려가지'),(135,'개미'),(136,'순수'),(137,'남산도서관'),(138,'시선사'),(139,'송파문인협회'),(140,'지식산업사'),(141,'문이당'),(142,'문화의식'),(143,'나눔사'),(144,'알렙'),(145,'통나무'),(146,'소화'),(147,'천우'),(148,'고려문화사'),(149,'다온애드'),(150,'답게'),(151,'동문'),(152,'샘앤파커스'),(153,'들녘'),(154,'세계문예'),(155,'익두스'),(156,'특허청'),(157,'문경출판사'),(158,'살림'),(159,'생각의나무'),(160,'정신세계사'),(161,'국정홍보처'),(162,'LI Networks'),(163,'진성북스'),(164,'소리숲'),(165,'다산기획'),(166,'도솔'),(167,'청년사'),(168,'차작과비평사'),(169,'뜨란'),(170,'해냄'),(171,'동방미디어'),(172,'동서고금'),(173,'푸른숲'),(174,'베텔스만'),(175,'서진'),(176,'고려원'),(177,'한마음사'),(178,'범조사'),(179,'한겨레'),(180,'한언'),(181,'현암사'),(182,'쟁기'),(183,'웅진'),(184,'테스트'),(185,'테스트1'),(186,'테스트2'),(187,'테스트3'),(188,'테스트4'),(189,'테스트5');
/*!40000 ALTER TABLE `publisher_mst` ENABLE KEYS */;
UNLOCK TABLES;

--
-- Dumping events for database 'library'
--

--
-- Dumping routines for database 'library'
--
/*!40103 SET TIME_ZONE=@OLD_TIME_ZONE */;

/*!40101 SET SQL_MODE=@OLD_SQL_MODE */;
/*!40014 SET FOREIGN_KEY_CHECKS=@OLD_FOREIGN_KEY_CHECKS */;
/*!40014 SET UNIQUE_CHECKS=@OLD_UNIQUE_CHECKS */;
/*!40101 SET CHARACTER_SET_CLIENT=@OLD_CHARACTER_SET_CLIENT */;
/*!40101 SET CHARACTER_SET_RESULTS=@OLD_CHARACTER_SET_RESULTS */;
/*!40101 SET COLLATION_CONNECTION=@OLD_COLLATION_CONNECTION */;
/*!40111 SET SQL_NOTES=@OLD_SQL_NOTES */;

-- Dump completed on 2023-02-09 16:00:14
